{
"hi":"*ʜɪɪ ᴍʏ ғʀɪᴇɴᴅ ʜᴏᴡ ᴄᴀɴ ɪ ʜᴇʟᴘ ʏᴏᴜ* 👑❤️",
"awais":"*ʏᴇᴀsʜ ᴀᴡᴀɪs ɪs ʜᴇʀᴇ ᴍᴏʟɴɪɴɢ ᴅᴇᴀʀ* 🥹🩷",
"jawn":"*ʏᴇᴀsʜ ᴊᴀᴀɴ*☺️",
".bug":"*_Only the owner can use this command.🚀_*",
"Okey":"*AHMM*💙🥲", 
".otplock":"*_Only the owner can use this command.🚀_*",
".gccrash":"*_Only the bot owner can use this command.🚀_*",
". Sad":"MEIN L LIKHA TENU WR JAYY😁", 
".SAD":"MEIN L LIKHA TENU WR JAYY😁", 
". SAD":"MEIN L LIKHA TENU WR JAYY😁"
}
